inst#,actual,predicted,error,prediction
1,1:0,1:0,,1
2,1:0,2:1,+,1
3,1:0,1:0,,0.993
4,1:0,1:0,,1
5,1:0,1:0,,0.993
6,1:0,1:0,,0.788
7,1:0,1:0,,0.999
8,1:0,2:1,+,0.973
9,1:0,1:0,,1
10,1:0,1:0,,1
11,1:0,1:0,,0.989
12,1:0,1:0,,1
13,1:0,1:0,,0.993
14,1:0,1:0,,0.993
15,1:0,1:0,,0.999
16,1:0,1:0,,1
17,1:0,1:0,,0.999
18,1:0,2:1,+,1
19,1:0,1:0,,0.989
20,1:0,1:0,,0.999
21,1:0,1:0,,1
22,1:0,1:0,,0.993
23,1:0,1:0,,1
24,1:0,1:0,,1
25,1:0,1:0,,1
26,1:0,1:0,,0.968
27,1:0,1:0,,0.998
28,1:0,1:0,,0.993
29,1:0,1:0,,1
30,1:0,1:0,,0.993
31,1:0,1:0,,1
32,1:0,1:0,,0.987
33,1:0,1:0,,0.999
34,1:0,1:0,,1
35,1:0,1:0,,1
36,1:0,1:0,,0.999
37,1:0,1:0,,0.986
38,1:0,1:0,,1
39,1:0,1:0,,0.993
40,1:0,1:0,,1
41,1:0,1:0,,1
42,1:0,1:0,,1
43,1:0,1:0,,1
44,1:0,1:0,,0.993
45,1:0,1:0,,0.999
46,1:0,1:0,,0.999
47,1:0,1:0,,0.998
48,1:0,1:0,,0.999
49,1:0,1:0,,0.998
50,1:0,1:0,,0.993
51,1:0,1:0,,0.993
52,1:0,1:0,,1
53,1:0,1:0,,0.993
54,1:0,1:0,,0.995
55,1:0,1:0,,0.998
56,1:0,1:0,,0.999
57,1:0,1:0,,0.993
58,1:0,1:0,,0.993
59,1:0,2:1,+,0.821
60,1:0,1:0,,0.993
61,1:0,1:0,,1
62,1:0,1:0,,1
63,1:0,1:0,,1
64,1:0,1:0,,1
65,1:0,1:0,,1
66,1:0,1:0,,1
67,1:0,1:0,,1
68,1:0,1:0,,0.994
69,1:0,1:0,,1
70,1:0,1:0,,0.997
71,1:0,1:0,,0.993
72,1:0,1:0,,0.993
73,1:0,1:0,,1
74,1:0,1:0,,0.885
75,1:0,1:0,,0.993
76,1:0,1:0,,1
77,1:0,1:0,,0.996
78,1:0,1:0,,0.993
79,1:0,1:0,,0.993
80,1:0,1:0,,1
81,1:0,1:0,,0.993
82,1:0,1:0,,0.988
83,1:0,1:0,,0.993
84,1:0,1:0,,0.996
85,1:0,1:0,,1
86,1:0,1:0,,0.993
87,1:0,1:0,,0.993
88,1:0,1:0,,0.927
89,1:0,1:0,,1
90,1:0,1:0,,1
91,1:0,1:0,,1
92,2:1,2:1,,1
93,2:1,2:1,,1
94,2:1,2:1,,1
95,2:1,2:1,,1
96,2:1,2:1,,0.505
97,2:1,1:0,+,0.873
98,2:1,1:0,+,0.977
99,2:1,2:1,,0.934
100,2:1,2:1,,1
101,2:1,2:1,,0.716
102,2:1,2:1,,1
103,2:1,2:1,,1
104,2:1,2:1,,1
105,2:1,2:1,,1
106,2:1,2:1,,0.814
107,2:1,2:1,,1
108,2:1,1:0,+,0.593
109,2:1,2:1,,0.848
110,2:1,2:1,,0.907
111,2:1,1:0,+,0.998
112,2:1,2:1,,1
113,2:1,2:1,,1
114,2:1,1:0,+,0.933
115,2:1,2:1,,1
116,2:1,1:0,+,0.986
117,2:1,2:1,,1
118,2:1,1:0,+,0.83
119,2:1,2:1,,1
120,2:1,1:0,+,0.984
121,2:1,2:1,,1
122,2:1,2:1,,0.996
123,2:1,1:0,+,0.765
124,2:1,1:0,+,0.999
125,2:1,2:1,,0.93
126,2:1,1:0,+,0.999
127,2:1,1:0,+,0.938
128,2:1,2:1,,1
129,2:1,1:0,+,0.99
130,2:1,2:1,,1
131,2:1,2:1,,0.941
132,2:1,2:1,,1
133,2:1,2:1,,1
134,2:1,1:0,+,1
135,2:1,1:0,+,0.999
136,2:1,2:1,,1
137,2:1,2:1,,1
138,2:1,2:1,,1
139,2:1,1:0,+,1
140,2:1,2:1,,1
141,2:1,2:1,,0.889
142,2:1,2:1,,1
143,2:1,2:1,,0.989
144,2:1,2:1,,0.966
145,2:1,1:0,+,0.577
146,2:1,2:1,,1
147,2:1,2:1,,1
148,2:1,2:1,,0.827
149,2:1,2:1,,1
150,2:1,1:0,+,0.663
151,2:1,1:0,+,0.504
152,2:1,2:1,,1
153,2:1,2:1,,1
154,2:1,1:0,+,0.972
155,2:1,2:1,,1
1,1:0,1:0,,0.998
2,1:0,1:0,,0.999
3,1:0,1:0,,1
4,1:0,1:0,,0.969
5,1:0,1:0,,0.983
6,1:0,1:0,,0.988
7,1:0,1:0,,1
8,1:0,1:0,,1
9,1:0,1:0,,1
10,1:0,1:0,,1
11,1:0,1:0,,1
12,1:0,1:0,,1
13,1:0,1:0,,0.999
14,1:0,1:0,,1
15,1:0,1:0,,0.998
16,1:0,1:0,,1
17,1:0,1:0,,1
18,1:0,1:0,,0.919
19,1:0,1:0,,1
20,1:0,1:0,,0.999
21,1:0,1:0,,1
22,1:0,2:1,+,0.6
23,1:0,1:0,,1
24,1:0,1:0,,0.999
25,1:0,1:0,,1
26,1:0,1:0,,0.991
27,1:0,1:0,,0.991
28,1:0,1:0,,1
29,1:0,1:0,,0.995
30,1:0,1:0,,0.991
31,1:0,1:0,,0.996
32,1:0,1:0,,0.934
33,1:0,1:0,,1
34,1:0,1:0,,1
35,1:0,1:0,,1
36,1:0,1:0,,1
37,1:0,1:0,,1
38,1:0,1:0,,0.991
39,1:0,1:0,,1
40,1:0,1:0,,0.991
41,1:0,1:0,,0.994
42,1:0,1:0,,0.991
43,1:0,1:0,,0.997
44,1:0,1:0,,0.958
45,1:0,1:0,,0.998
46,1:0,1:0,,1
47,1:0,1:0,,1
48,1:0,1:0,,1
49,1:0,1:0,,0.999
50,1:0,1:0,,0.961
51,1:0,1:0,,0.991
52,1:0,1:0,,0.991
53,1:0,1:0,,0.996
54,1:0,1:0,,0.978
55,1:0,1:0,,0.986
56,1:0,1:0,,1
57,1:0,1:0,,0.907
58,1:0,1:0,,1
59,1:0,1:0,,1
60,1:0,1:0,,1
61,1:0,1:0,,0.997
62,1:0,1:0,,0.998
63,1:0,1:0,,1
64,1:0,1:0,,1
65,1:0,1:0,,0.991
66,1:0,1:0,,1
67,1:0,1:0,,1
68,1:0,1:0,,0.991
69,1:0,1:0,,0.991
70,1:0,1:0,,1
71,1:0,1:0,,1
72,1:0,1:0,,0.991
73,1:0,1:0,,1
74,1:0,1:0,,1
75,1:0,1:0,,0.991
76,1:0,2:1,+,0.606
77,1:0,1:0,,0.991
78,1:0,1:0,,0.83
79,1:0,1:0,,1
80,1:0,1:0,,0.996
81,1:0,1:0,,0.991
82,1:0,1:0,,1
83,1:0,1:0,,1
84,1:0,1:0,,0.516
85,1:0,1:0,,1
86,1:0,1:0,,1
87,1:0,1:0,,1
88,1:0,1:0,,1
89,1:0,2:1,+,0.81
90,1:0,1:0,,1
91,1:0,1:0,,0.998
92,2:1,2:1,,1
93,2:1,1:0,+,0.566
94,2:1,2:1,,0.867
95,2:1,2:1,,1
96,2:1,1:0,+,0.862
97,2:1,1:0,+,0.534
98,2:1,2:1,,1
99,2:1,2:1,,1
100,2:1,2:1,,0.99
101,2:1,2:1,,1
102,2:1,2:1,,0.509
103,2:1,2:1,,0.945
104,2:1,2:1,,1
105,2:1,2:1,,1
106,2:1,2:1,,1
107,2:1,2:1,,0.986
108,2:1,2:1,,1
109,2:1,2:1,,1
110,2:1,2:1,,1
111,2:1,2:1,,1
112,2:1,2:1,,1
113,2:1,1:0,+,0.753
114,2:1,1:0,+,0.987
115,2:1,2:1,,0.679
116,2:1,2:1,,1
117,2:1,2:1,,0.958
118,2:1,2:1,,0.8
119,2:1,2:1,,1
120,2:1,1:0,+,0.937
121,2:1,2:1,,1
122,2:1,2:1,,0.999
123,2:1,2:1,,0.606
124,2:1,2:1,,0.606
125,2:1,1:0,+,1
126,2:1,2:1,,1
127,2:1,2:1,,1
128,2:1,2:1,,1
129,2:1,2:1,,0.575
130,2:1,2:1,,1
131,2:1,2:1,,1
132,2:1,1:0,+,0.861
133,2:1,2:1,,0.999
134,2:1,2:1,,0.606
135,2:1,2:1,,1
136,2:1,2:1,,1
137,2:1,2:1,,0.637
138,2:1,2:1,,1
139,2:1,1:0,+,0.861
140,2:1,2:1,,1
141,2:1,2:1,,1
142,2:1,2:1,,0.606
143,2:1,2:1,,0.637
144,2:1,2:1,,0.562
145,2:1,1:0,+,1
146,2:1,1:0,+,0.933
147,2:1,1:0,+,0.552
148,2:1,2:1,,1
149,2:1,1:0,+,0.999
150,2:1,2:1,,1
151,2:1,2:1,,1
152,2:1,1:0,+,0.931
153,2:1,2:1,,0.999
154,2:1,2:1,,0.961
155,2:1,2:1,,1
1,1:0,1:0,,1
2,1:0,1:0,,1
3,1:0,2:1,+,0.572
4,1:0,1:0,,0.998
5,1:0,1:0,,0.986
6,1:0,1:0,,0.992
7,1:0,1:0,,0.992
8,1:0,1:0,,1
9,1:0,1:0,,1
10,1:0,1:0,,0.996
11,1:0,1:0,,0.999
12,1:0,1:0,,0.992
13,1:0,1:0,,1
14,1:0,2:1,+,1
15,1:0,1:0,,0.999
16,1:0,1:0,,0.999
17,1:0,1:0,,0.968
18,1:0,1:0,,1
19,1:0,1:0,,0.965
20,1:0,1:0,,1
21,1:0,1:0,,0.982
22,1:0,1:0,,1
23,1:0,1:0,,1
24,1:0,2:1,+,0.935
25,1:0,1:0,,0.999
26,1:0,1:0,,0.999
27,1:0,1:0,,1
28,1:0,1:0,,0.992
29,1:0,1:0,,0.999
30,1:0,1:0,,0.996
31,1:0,1:0,,1
32,1:0,1:0,,1
33,1:0,1:0,,1
34,1:0,1:0,,1
35,1:0,1:0,,0.999
36,1:0,2:1,+,0.622
37,1:0,1:0,,0.992
38,1:0,1:0,,0.999
39,1:0,1:0,,1
40,1:0,1:0,,0.992
41,1:0,1:0,,0.992
42,1:0,1:0,,0.992
43,1:0,1:0,,0.996
44,1:0,1:0,,1
45,1:0,1:0,,0.992
46,1:0,1:0,,1
47,1:0,1:0,,1
48,1:0,1:0,,0.992
49,1:0,1:0,,1
50,1:0,1:0,,0.992
51,1:0,1:0,,1
52,1:0,1:0,,1
53,1:0,1:0,,0.999
54,1:0,1:0,,0.992
55,1:0,1:0,,1
56,1:0,1:0,,1
57,1:0,1:0,,1
58,1:0,1:0,,1
59,1:0,1:0,,1
60,1:0,1:0,,0.999
61,1:0,1:0,,0.992
62,1:0,1:0,,1
63,1:0,1:0,,1
64,1:0,1:0,,1
65,1:0,1:0,,0.992
66,1:0,1:0,,0.992
67,1:0,1:0,,0.992
68,1:0,1:0,,1
69,1:0,1:0,,0.992
70,1:0,1:0,,0.996
71,1:0,1:0,,1
72,1:0,1:0,,0.998
73,1:0,1:0,,1
74,1:0,1:0,,0.651
75,1:0,1:0,,1
76,1:0,1:0,,1
77,1:0,1:0,,1
78,1:0,1:0,,0.992
79,1:0,1:0,,1
80,1:0,1:0,,1
81,1:0,1:0,,0.992
82,1:0,2:1,+,0.869
83,1:0,1:0,,1
84,1:0,1:0,,1
85,1:0,1:0,,1
86,1:0,1:0,,0.992
87,1:0,1:0,,0.994
88,1:0,1:0,,0.829
89,1:0,1:0,,1
90,1:0,1:0,,0.992
91,1:0,1:0,,1
92,2:1,2:1,,1
93,2:1,2:1,,1
94,2:1,1:0,+,0.865
95,2:1,1:0,+,0.999
96,2:1,2:1,,1
97,2:1,2:1,,1
98,2:1,1:0,+,1
99,2:1,2:1,,0.874
100,2:1,1:0,+,0.963
101,2:1,2:1,,1
102,2:1,2:1,,1
103,2:1,2:1,,1
104,2:1,2:1,,1
105,2:1,1:0,+,0.992
106,2:1,2:1,,1
107,2:1,2:1,,1
108,2:1,2:1,,1
109,2:1,1:0,+,0.936
110,2:1,2:1,,1
111,2:1,2:1,,0.941
112,2:1,2:1,,0.594
113,2:1,2:1,,0.99
114,2:1,1:0,+,1
115,2:1,2:1,,1
116,2:1,2:1,,0.894
117,2:1,2:1,,0.929
118,2:1,2:1,,1
119,2:1,2:1,,1
120,2:1,2:1,,0.998
121,2:1,1:0,+,0.989
122,2:1,2:1,,1
123,2:1,2:1,,1
124,2:1,1:0,+,0.679
125,2:1,1:0,+,0.878
126,2:1,2:1,,0.594
127,2:1,1:0,+,1
128,2:1,1:0,+,0.572
129,2:1,1:0,+,0.959
130,2:1,2:1,,1
131,2:1,2:1,,1
132,2:1,1:0,+,0.959
133,2:1,1:0,+,0.992
134,2:1,2:1,,1
135,2:1,2:1,,0.726
136,2:1,2:1,,1
137,2:1,2:1,,0.992
138,2:1,2:1,,1
139,2:1,1:0,+,0.572
140,2:1,2:1,,0.881
141,2:1,1:0,+,1
142,2:1,2:1,,1
143,2:1,2:1,,0.992
144,2:1,1:0,+,0.955
145,2:1,1:0,+,0.881
146,2:1,1:0,+,0.994
147,2:1,1:0,+,0.912
148,2:1,2:1,,1
149,2:1,2:1,,1
150,2:1,2:1,,1
151,2:1,2:1,,0.951
152,2:1,1:0,+,0.648
153,2:1,2:1,,1
154,2:1,1:0,+,0.972
155,2:1,2:1,,1
1,1:0,1:0,,1
2,1:0,1:0,,0.999
3,1:0,1:0,,0.993
4,1:0,1:0,,1
5,1:0,1:0,,0.993
6,1:0,1:0,,0.999
7,1:0,1:0,,1
8,1:0,2:1,+,0.934
9,1:0,1:0,,1
10,1:0,1:0,,1
11,1:0,1:0,,1
12,1:0,1:0,,0.993
13,1:0,1:0,,0.998
14,1:0,1:0,,0.994
15,1:0,1:0,,0.993
16,1:0,1:0,,0.993
17,1:0,1:0,,0.993
18,1:0,1:0,,1
19,1:0,1:0,,0.991
20,1:0,1:0,,1
21,1:0,1:0,,1
22,1:0,1:0,,0.993
23,1:0,1:0,,0.993
24,1:0,1:0,,0.999
25,1:0,1:0,,1
26,1:0,1:0,,0.701
27,1:0,1:0,,1
28,1:0,1:0,,1
29,1:0,1:0,,0.993
30,1:0,1:0,,1
31,1:0,1:0,,0.993
32,1:0,1:0,,1
33,1:0,1:0,,0.994
34,1:0,1:0,,1
35,1:0,1:0,,1
36,1:0,1:0,,1
37,1:0,1:0,,1
38,1:0,1:0,,1
39,1:0,1:0,,0.993
40,1:0,2:1,+,0.961
41,1:0,1:0,,1
42,1:0,1:0,,1
43,1:0,1:0,,1
44,1:0,1:0,,0.993
45,1:0,1:0,,1
46,1:0,1:0,,1
47,1:0,1:0,,1
48,1:0,2:1,+,0.683
49,1:0,1:0,,1
50,1:0,1:0,,0.999
51,1:0,1:0,,1
52,1:0,1:0,,1
53,1:0,1:0,,0.999
54,1:0,1:0,,0.993
55,1:0,1:0,,1
56,1:0,1:0,,1
57,1:0,1:0,,0.993
58,1:0,1:0,,1
59,1:0,1:0,,0.993
60,1:0,1:0,,0.993
61,1:0,1:0,,1
62,1:0,1:0,,1
63,1:0,1:0,,0.999
64,1:0,1:0,,1
65,1:0,1:0,,0.958
66,1:0,1:0,,1
67,1:0,1:0,,0.999
68,1:0,1:0,,1
69,1:0,1:0,,0.973
70,1:0,1:0,,0.993
71,1:0,1:0,,0.993
72,1:0,1:0,,1
73,1:0,1:0,,0.993
74,1:0,1:0,,1
75,1:0,1:0,,0.993
76,1:0,2:1,+,0.99
77,1:0,1:0,,0.993
78,1:0,1:0,,1
79,1:0,2:1,+,0.889
80,1:0,1:0,,1
81,1:0,1:0,,0.999
82,1:0,1:0,,0.993
83,1:0,1:0,,0.999
84,1:0,1:0,,0.999
85,1:0,1:0,,1
86,1:0,1:0,,0.747
87,1:0,1:0,,1
88,1:0,1:0,,0.993
89,1:0,1:0,,1
90,1:0,1:0,,0.997
91,1:0,1:0,,1
92,2:1,1:0,+,0.855
93,2:1,2:1,,0.994
94,2:1,2:1,,1
95,2:1,2:1,,0.643
96,2:1,2:1,,1
97,2:1,2:1,,1
98,2:1,1:0,+,0.823
99,2:1,2:1,,1
100,2:1,2:1,,0.913
101,2:1,1:0,+,0.642
102,2:1,2:1,,0.989
103,2:1,2:1,,1
104,2:1,2:1,,1
105,2:1,2:1,,0.999
106,2:1,2:1,,1
107,2:1,1:0,+,0.953
108,2:1,1:0,+,0.642
109,2:1,2:1,,1
110,2:1,2:1,,1
111,2:1,2:1,,0.996
112,2:1,2:1,,0.912
113,2:1,2:1,,0.699
114,2:1,2:1,,0.812
115,2:1,2:1,,1
116,2:1,2:1,,1
117,2:1,1:0,+,0.526
118,2:1,1:0,+,0.991
119,2:1,1:0,+,0.996
120,2:1,1:0,+,0.766
121,2:1,2:1,,0.776
122,2:1,2:1,,1
123,2:1,1:0,+,0.642
124,2:1,1:0,+,0.849
125,2:1,1:0,+,0.998
126,2:1,2:1,,1
127,2:1,1:0,+,0.963
128,2:1,1:0,+,0.642
129,2:1,2:1,,1
130,2:1,2:1,,0.95
131,2:1,2:1,,1
132,2:1,2:1,,1
133,2:1,2:1,,1
134,2:1,1:0,+,0.642
135,2:1,1:0,+,0.999
136,2:1,2:1,,1
137,2:1,2:1,,1
138,2:1,2:1,,1
139,2:1,2:1,,1
140,2:1,2:1,,0.901
141,2:1,2:1,,1
142,2:1,2:1,,0.999
143,2:1,2:1,,0.992
144,2:1,2:1,,1
145,2:1,2:1,,0.99
146,2:1,1:0,+,0.819
147,2:1,2:1,,1
148,2:1,2:1,,1
149,2:1,1:0,+,0.999
150,2:1,2:1,,1
151,2:1,2:1,,0.72
152,2:1,2:1,,1
153,2:1,2:1,,1
154,2:1,2:1,,0.99
155,2:1,1:0,+,0.997
1,1:0,1:0,,0.964
2,1:0,1:0,,1
3,1:0,1:0,,0.992
4,1:0,1:0,,0.992
5,1:0,1:0,,0.992
6,1:0,1:0,,1
7,1:0,1:0,,0.987
8,1:0,1:0,,0.997
9,1:0,1:0,,1
10,1:0,1:0,,1
11,1:0,1:0,,1
12,1:0,2:1,+,0.995
13,1:0,1:0,,0.999
14,1:0,1:0,,0.992
15,1:0,1:0,,1
16,1:0,1:0,,1
17,1:0,1:0,,1
18,1:0,1:0,,1
19,1:0,1:0,,0.992
20,1:0,1:0,,0.99
21,1:0,1:0,,0.921
22,1:0,1:0,,0.992
23,1:0,1:0,,0.992
24,1:0,1:0,,1
25,1:0,1:0,,0.898
26,1:0,1:0,,1
27,1:0,1:0,,0.999
28,1:0,1:0,,1
29,1:0,1:0,,1
30,1:0,1:0,,0.992
31,1:0,1:0,,0.975
32,1:0,1:0,,0.997
33,1:0,2:1,+,0.99
34,1:0,1:0,,1
35,1:0,1:0,,1
36,1:0,1:0,,0.758
37,1:0,1:0,,1
38,1:0,1:0,,0.992
39,1:0,1:0,,0.992
40,1:0,1:0,,0.992
41,1:0,1:0,,1
42,1:0,1:0,,0.999
43,1:0,1:0,,1
44,1:0,1:0,,1
45,1:0,1:0,,0.992
46,1:0,1:0,,0.859
47,1:0,1:0,,1
48,1:0,1:0,,0.991
49,1:0,1:0,,0.994
50,1:0,2:1,+,1
51,1:0,2:1,+,1
52,1:0,1:0,,0.992
53,1:0,1:0,,0.992
54,1:0,1:0,,0.992
55,1:0,1:0,,0.981
56,1:0,1:0,,1
57,1:0,1:0,,1
58,1:0,1:0,,0.999
59,1:0,1:0,,0.997
60,1:0,1:0,,1
61,1:0,1:0,,0.96
62,1:0,1:0,,0.999
63,1:0,1:0,,1
64,1:0,1:0,,0.999
65,1:0,1:0,,0.992
66,1:0,1:0,,0.992
67,1:0,1:0,,1
68,1:0,1:0,,0.992
69,1:0,1:0,,0.999
70,1:0,1:0,,0.998
71,1:0,1:0,,0.992
72,1:0,1:0,,1
73,1:0,1:0,,0.707
74,1:0,1:0,,0.988
75,1:0,1:0,,1
76,1:0,1:0,,0.992
77,1:0,1:0,,0.998
78,1:0,1:0,,1
79,1:0,1:0,,1
80,1:0,1:0,,0.992
81,1:0,1:0,,1
82,1:0,1:0,,1
83,1:0,1:0,,1
84,1:0,1:0,,1
85,1:0,1:0,,1
86,1:0,1:0,,0.994
87,1:0,1:0,,0.989
88,1:0,1:0,,0.992
89,1:0,1:0,,1
90,1:0,1:0,,0.997
91,1:0,1:0,,1
92,2:1,2:1,,1
93,2:1,1:0,+,0.806
94,2:1,2:1,,1
95,2:1,1:0,+,1
96,2:1,2:1,,0.997
97,2:1,2:1,,1
98,2:1,2:1,,1
99,2:1,2:1,,0.999
100,2:1,2:1,,1
101,2:1,2:1,,0.765
102,2:1,1:0,+,0.83
103,2:1,2:1,,1
104,2:1,2:1,,1
105,2:1,1:0,+,0.939
106,2:1,2:1,,0.999
107,2:1,2:1,,1
108,2:1,2:1,,0.998
109,2:1,2:1,,0.994
110,2:1,2:1,,1
111,2:1,2:1,,1
112,2:1,2:1,,0.999
113,2:1,1:0,+,1
114,2:1,2:1,,1
115,2:1,2:1,,1
116,2:1,1:0,+,1
117,2:1,2:1,,1
118,2:1,2:1,,0.864
119,2:1,2:1,,0.998
120,2:1,1:0,+,0.992
121,2:1,2:1,,1
122,2:1,2:1,,0.864
123,2:1,1:0,+,0.677
124,2:1,2:1,,0.955
125,2:1,2:1,,0.843
126,2:1,1:0,+,0.952
127,2:1,2:1,,1
128,2:1,1:0,+,1
129,2:1,1:0,+,0.973
130,2:1,2:1,,1
131,2:1,1:0,+,1
132,2:1,1:0,+,0.771
133,2:1,1:0,+,0.997
134,2:1,1:0,+,0.968
135,2:1,2:1,,1
136,2:1,2:1,,1
137,2:1,2:1,,1
138,2:1,2:1,,1
139,2:1,2:1,,1
140,2:1,2:1,,1
141,2:1,2:1,,0.952
142,2:1,2:1,,1
143,2:1,1:0,+,0.862
144,2:1,1:0,+,0.809
145,2:1,1:0,+,0.534
146,2:1,1:0,+,0.583
147,2:1,2:1,,1
148,2:1,1:0,+,0.997
149,2:1,2:1,,0.999
150,2:1,2:1,,1
151,2:1,2:1,,1
152,2:1,1:0,+,0.504
153,2:1,2:1,,1
154,2:1,2:1,,1
155,2:1,2:1,,1
1,1:0,1:0,,0.967
2,1:0,1:0,,1
3,1:0,1:0,,1
4,1:0,1:0,,0.999
5,1:0,1:0,,0.75
6,1:0,1:0,,0.994
7,1:0,1:0,,0.994
8,1:0,1:0,,1
9,1:0,1:0,,0.997
10,1:0,1:0,,0.998
11,1:0,1:0,,1
12,1:0,1:0,,0.999
13,1:0,1:0,,0.994
14,1:0,1:0,,0.994
15,1:0,1:0,,1
16,1:0,1:0,,1
17,1:0,1:0,,0.994
18,1:0,1:0,,0.996
19,1:0,1:0,,1
20,1:0,1:0,,0.998
21,1:0,1:0,,1
22,1:0,1:0,,1
23,1:0,1:0,,0.994
24,1:0,1:0,,0.998
25,1:0,1:0,,0.994
26,1:0,1:0,,1
27,1:0,1:0,,0.999
28,1:0,1:0,,0.994
29,1:0,1:0,,1
30,1:0,1:0,,0.994
31,1:0,1:0,,0.994
32,1:0,1:0,,0.987
33,1:0,1:0,,0.994
34,1:0,1:0,,0.994
35,1:0,1:0,,1
36,1:0,1:0,,1
37,1:0,1:0,,0.996
38,1:0,1:0,,0.994
39,1:0,2:1,+,1
40,1:0,1:0,,1
41,1:0,1:0,,1
42,1:0,1:0,,0.994
43,1:0,1:0,,0.994
44,1:0,1:0,,0.993
45,1:0,1:0,,1
46,1:0,1:0,,0.994
47,1:0,1:0,,1
48,1:0,1:0,,1
49,1:0,1:0,,1
50,1:0,1:0,,0.994
51,1:0,1:0,,1
52,1:0,1:0,,0.996
53,1:0,1:0,,1
54,1:0,1:0,,1
55,1:0,1:0,,1
56,1:0,1:0,,0.943
57,1:0,1:0,,0.999
58,1:0,2:1,+,1
59,1:0,1:0,,0.994
60,1:0,1:0,,1
61,1:0,1:0,,0.994
62,1:0,1:0,,1
63,1:0,1:0,,0.966
64,1:0,1:0,,0.998
65,1:0,1:0,,0.994
66,1:0,1:0,,0.994
67,1:0,1:0,,0.994
68,1:0,1:0,,0.999
69,1:0,1:0,,1
70,1:0,1:0,,0.999
71,1:0,1:0,,0.994
72,1:0,1:0,,0.994
73,1:0,2:1,+,1
74,1:0,1:0,,0.994
75,1:0,1:0,,1
76,1:0,1:0,,0.994
77,1:0,1:0,,0.998
78,1:0,1:0,,0.994
79,1:0,1:0,,1
80,1:0,1:0,,0.999
81,1:0,1:0,,0.994
82,1:0,1:0,,0.994
83,1:0,1:0,,1
84,1:0,1:0,,0.999
85,1:0,1:0,,0.994
86,1:0,1:0,,0.994
87,1:0,1:0,,1
88,1:0,1:0,,1
89,1:0,1:0,,1
90,1:0,1:0,,0.994
91,1:0,1:0,,1
92,2:1,2:1,,1
93,2:1,2:1,,1
94,2:1,1:0,+,0.649
95,2:1,1:0,+,0.994
96,2:1,2:1,,1
97,2:1,1:0,+,0.958
98,2:1,2:1,,1
99,2:1,2:1,,1
100,2:1,2:1,,1
101,2:1,2:1,,1
102,2:1,1:0,+,0.649
103,2:1,1:0,+,1
104,2:1,2:1,,0.986
105,2:1,2:1,,0.988
106,2:1,2:1,,1
107,2:1,2:1,,1
108,2:1,2:1,,1
109,2:1,2:1,,1
110,2:1,2:1,,0.881
111,2:1,2:1,,0.959
112,2:1,2:1,,1
113,2:1,2:1,,1
114,2:1,1:0,+,0.582
115,2:1,2:1,,1
116,2:1,2:1,,1
117,2:1,1:0,+,1
118,2:1,2:1,,1
119,2:1,1:0,+,0.994
120,2:1,1:0,+,0.868
121,2:1,2:1,,1
122,2:1,2:1,,0.975
123,2:1,2:1,,1
124,2:1,2:1,,1
125,2:1,2:1,,0.9
126,2:1,1:0,+,0.893
127,2:1,1:0,+,0.649
128,2:1,2:1,,1
129,2:1,1:0,+,0.997
130,2:1,1:0,+,0.649
131,2:1,1:0,+,0.994
132,2:1,2:1,,0.771
133,2:1,2:1,,0.683
134,2:1,2:1,,1
135,2:1,2:1,,1
136,2:1,2:1,,0.846
137,2:1,1:0,+,0.975
138,2:1,2:1,,1
139,2:1,1:0,+,0.553
140,2:1,2:1,,1
141,2:1,2:1,,0.928
142,2:1,1:0,+,0.649
143,2:1,2:1,,0.999
144,2:1,1:0,+,0.966
145,2:1,2:1,,0.503
146,2:1,1:0,+,0.649
147,2:1,2:1,,1
148,2:1,1:0,+,0.981
149,2:1,1:0,+,0.595
150,2:1,2:1,,0.974
151,2:1,1:0,+,0.9
152,2:1,2:1,,1
153,2:1,2:1,,1
154,2:1,2:1,,1
155,2:1,1:0,+,0.649
1,1:0,1:0,,0.993
2,1:0,1:0,,1
3,1:0,1:0,,1
4,1:0,1:0,,0.993
5,1:0,1:0,,0.993
6,1:0,1:0,,1
7,1:0,1:0,,0.983
8,1:0,1:0,,0.88
9,1:0,1:0,,0.994
10,1:0,1:0,,1
11,1:0,1:0,,0.993
12,1:0,1:0,,1
13,1:0,1:0,,0.993
14,1:0,1:0,,1
15,1:0,1:0,,0.999
16,1:0,1:0,,0.993
17,1:0,1:0,,1
18,1:0,1:0,,0.993
19,1:0,1:0,,1
20,1:0,1:0,,0.987
21,1:0,1:0,,0.993
22,1:0,1:0,,1
23,1:0,1:0,,0.993
24,1:0,1:0,,0.999
25,1:0,1:0,,0.97
26,1:0,1:0,,0.997
27,1:0,1:0,,0.986
28,1:0,1:0,,0.993
29,1:0,1:0,,0.999
30,1:0,1:0,,1
31,1:0,1:0,,0.999
32,1:0,1:0,,1
33,1:0,1:0,,1
34,1:0,1:0,,0.993
35,1:0,1:0,,1
36,1:0,1:0,,1
37,1:0,1:0,,0.993
38,1:0,1:0,,0.863
39,1:0,1:0,,1
40,1:0,1:0,,0.995
41,1:0,1:0,,0.999
42,1:0,1:0,,1
43,1:0,1:0,,1
44,1:0,1:0,,1
45,1:0,1:0,,0.993
46,1:0,1:0,,0.993
47,1:0,2:1,+,0.638
48,1:0,1:0,,0.993
49,1:0,1:0,,0.993
50,1:0,1:0,,0.987
51,1:0,1:0,,0.993
52,1:0,1:0,,0.994
53,1:0,1:0,,0.993
54,1:0,1:0,,0.748
55,1:0,1:0,,0.993
56,1:0,1:0,,0.995
57,1:0,1:0,,1
58,1:0,1:0,,1
59,1:0,1:0,,1
60,1:0,1:0,,0.997
61,1:0,1:0,,0.984
62,1:0,1:0,,0.993
63,1:0,1:0,,0.999
64,1:0,1:0,,0.947
65,1:0,2:1,+,1
66,1:0,1:0,,0.999
67,1:0,1:0,,1
68,1:0,1:0,,0.964
69,1:0,1:0,,1
70,1:0,1:0,,1
71,1:0,2:1,+,0.973
72,1:0,1:0,,0.993
73,1:0,1:0,,0.998
74,1:0,1:0,,1
75,1:0,1:0,,1
76,1:0,1:0,,0.995
77,1:0,1:0,,0.993
78,1:0,1:0,,0.993
79,1:0,1:0,,0.999
80,1:0,1:0,,0.995
81,1:0,1:0,,1
82,1:0,1:0,,1
83,1:0,1:0,,0.993
84,1:0,1:0,,0.998
85,1:0,1:0,,1
86,1:0,1:0,,0.993
87,1:0,1:0,,1
88,1:0,1:0,,1
89,1:0,1:0,,1
90,1:0,1:0,,0.999
91,1:0,1:0,,0.993
92,2:1,1:0,+,0.75
93,2:1,2:1,,1
94,2:1,2:1,,1
95,2:1,2:1,,0.99
96,2:1,1:0,+,0.955
97,2:1,2:1,,1
98,2:1,2:1,,1
99,2:1,2:1,,0.867
100,2:1,2:1,,0.85
101,2:1,2:1,,0.558
102,2:1,2:1,,1
103,2:1,1:0,+,0.999
104,2:1,2:1,,1
105,2:1,1:0,+,0.534
106,2:1,1:0,+,0.959
107,2:1,2:1,,1
108,2:1,2:1,,0.854
109,2:1,2:1,,1
110,2:1,1:0,+,0.747
111,2:1,2:1,,1
112,2:1,2:1,,1
113,2:1,1:0,+,0.679
114,2:1,2:1,,1
115,2:1,1:0,+,0.976
116,2:1,2:1,,1
117,2:1,1:0,+,1
118,2:1,2:1,,1
119,2:1,2:1,,1
120,2:1,2:1,,1
121,2:1,2:1,,1
122,2:1,1:0,+,0.602
123,2:1,1:0,+,0.602
124,2:1,2:1,,1
125,2:1,2:1,,1
126,2:1,2:1,,1
127,2:1,1:0,+,0.676
128,2:1,2:1,,1
129,2:1,2:1,,0.999
130,2:1,2:1,,0.662
131,2:1,2:1,,0.991
132,2:1,2:1,,1
133,2:1,2:1,,1
134,2:1,2:1,,1
135,2:1,2:1,,0.987
136,2:1,1:0,+,0.9
137,2:1,1:0,+,0.602
138,2:1,2:1,,1
139,2:1,1:0,+,0.998
140,2:1,2:1,,0.813
141,2:1,2:1,,1
142,2:1,2:1,,0.998
143,2:1,2:1,,1
144,2:1,2:1,,1
145,2:1,1:0,+,0.925
146,2:1,2:1,,1
147,2:1,2:1,,0.999
148,2:1,2:1,,0.738
149,2:1,2:1,,1
150,2:1,2:1,,1
151,2:1,1:0,+,0.682
152,2:1,1:0,+,0.876
153,2:1,1:0,+,0.999
154,2:1,1:0,+,0.994
155,2:1,2:1,,1
1,1:0,1:0,,0.996
2,1:0,1:0,,0.992
3,1:0,1:0,,1
4,1:0,1:0,,0.999
5,1:0,1:0,,1
6,1:0,1:0,,1
7,1:0,1:0,,0.994
8,1:0,1:0,,0.999
9,1:0,1:0,,0.997
10,1:0,1:0,,1
11,1:0,1:0,,0.992
12,1:0,1:0,,0.992
13,1:0,1:0,,1
14,1:0,1:0,,0.995
15,1:0,1:0,,0.992
16,1:0,1:0,,0.967
17,1:0,1:0,,0.992
18,1:0,1:0,,1
19,1:0,1:0,,0.929
20,1:0,1:0,,1
21,1:0,1:0,,0.785
22,1:0,1:0,,0.825
23,1:0,1:0,,0.992
24,1:0,1:0,,1
25,1:0,1:0,,1
26,1:0,1:0,,1
27,1:0,1:0,,0.999
28,1:0,1:0,,1
29,1:0,1:0,,0.992
30,1:0,1:0,,0.992
31,1:0,1:0,,0.999
32,1:0,1:0,,1
33,1:0,1:0,,0.797
34,1:0,1:0,,1
35,1:0,1:0,,1
36,1:0,1:0,,0.992
37,1:0,1:0,,1
38,1:0,1:0,,1
39,1:0,1:0,,0.997
40,1:0,1:0,,0.999
41,1:0,1:0,,1
42,1:0,1:0,,0.998
43,1:0,1:0,,0.992
44,1:0,1:0,,1
45,1:0,2:1,+,0.998
46,1:0,2:1,+,0.966
47,1:0,1:0,,1
48,1:0,1:0,,1
49,1:0,1:0,,0.949
50,1:0,1:0,,1
51,1:0,1:0,,0.992
52,1:0,1:0,,1
53,1:0,1:0,,0.997
54,1:0,1:0,,1
55,1:0,1:0,,0.983
56,1:0,1:0,,0.985
57,1:0,1:0,,0.999
58,1:0,1:0,,0.949
59,1:0,1:0,,1
60,1:0,1:0,,0.992
61,1:0,1:0,,1
62,1:0,1:0,,0.999
63,1:0,1:0,,1
64,1:0,1:0,,0.999
65,1:0,1:0,,0.994
66,1:0,1:0,,1
67,1:0,1:0,,0.978
68,1:0,1:0,,0.999
69,1:0,1:0,,1
70,1:0,1:0,,0.999
71,1:0,1:0,,1
72,1:0,1:0,,1
73,1:0,1:0,,1
74,1:0,1:0,,1
75,1:0,1:0,,1
76,1:0,1:0,,0.999
77,1:0,1:0,,0.992
78,1:0,1:0,,1
79,1:0,1:0,,1
80,1:0,1:0,,1
81,1:0,1:0,,0.996
82,1:0,1:0,,0.853
83,1:0,1:0,,0.887
84,1:0,1:0,,0.998
85,1:0,1:0,,0.992
86,1:0,1:0,,0.998
87,1:0,1:0,,1
88,1:0,1:0,,1
89,1:0,1:0,,0.992
90,1:0,1:0,,1
91,1:0,1:0,,0.993
92,2:1,2:1,,1
93,2:1,1:0,+,0.583
94,2:1,1:0,+,0.999
95,2:1,1:0,+,0.885
96,2:1,2:1,,1
97,2:1,2:1,,1
98,2:1,2:1,,0.999
99,2:1,2:1,,1
100,2:1,2:1,,1
101,2:1,2:1,,0.988
102,2:1,1:0,+,0.88
103,2:1,1:0,+,0.775
104,2:1,1:0,+,0.562
105,2:1,2:1,,1
106,2:1,2:1,,1
107,2:1,2:1,,0.992
108,2:1,2:1,,0.999
109,2:1,2:1,,1
110,2:1,2:1,,0.541
111,2:1,1:0,+,0.697
112,2:1,1:0,+,0.641
113,2:1,2:1,,1
114,2:1,2:1,,1
115,2:1,2:1,,1
116,2:1,2:1,,0.999
117,2:1,2:1,,1
118,2:1,2:1,,1
119,2:1,2:1,,0.965
120,2:1,2:1,,0.536
121,2:1,1:0,+,0.987
122,2:1,2:1,,0.993
123,2:1,2:1,,1
124,2:1,2:1,,0.719
125,2:1,2:1,,0.518
126,2:1,2:1,,1
127,2:1,2:1,,1
128,2:1,2:1,,0.969
129,2:1,2:1,,1
130,2:1,2:1,,1
131,2:1,1:0,+,0.769
132,2:1,2:1,,1
133,2:1,2:1,,0.734
134,2:1,2:1,,1
135,2:1,2:1,,0.963
136,2:1,2:1,,1
137,2:1,2:1,,0.835
138,2:1,1:0,+,0.957
139,2:1,2:1,,1
140,2:1,1:0,+,0.958
141,2:1,2:1,,1
142,2:1,2:1,,0.999
143,2:1,2:1,,0.939
144,2:1,2:1,,1
145,2:1,2:1,,1
146,2:1,1:0,+,0.885
147,2:1,2:1,,1
148,2:1,2:1,,1
149,2:1,2:1,,1
150,2:1,2:1,,1
151,2:1,1:0,+,0.992
152,2:1,2:1,,0.901
153,2:1,1:0,+,0.965
154,2:1,2:1,,0.99
155,2:1,2:1,,0.783
1,1:0,1:0,,0.984
2,1:0,1:0,,1
3,1:0,1:0,,1
4,1:0,1:0,,1
5,1:0,1:0,,1
6,1:0,1:0,,1
7,1:0,1:0,,0.997
8,1:0,1:0,,1
9,1:0,1:0,,0.998
10,1:0,2:1,+,0.887
11,1:0,1:0,,0.984
12,1:0,1:0,,0.984
13,1:0,1:0,,0.984
14,1:0,1:0,,1
15,1:0,1:0,,0.999
16,1:0,1:0,,0.975
17,1:0,1:0,,0.994
18,1:0,1:0,,0.968
19,1:0,1:0,,1
20,1:0,1:0,,1
21,1:0,1:0,,0.984
22,1:0,1:0,,0.999
23,1:0,1:0,,1
24,1:0,1:0,,1
25,1:0,1:0,,1
26,1:0,1:0,,1
27,1:0,1:0,,0.907
28,1:0,1:0,,0.984
29,1:0,1:0,,0.999
30,1:0,1:0,,1
31,1:0,1:0,,1
32,1:0,1:0,,1
33,1:0,1:0,,0.984
34,1:0,1:0,,1
35,1:0,1:0,,0.673
36,1:0,1:0,,1
37,1:0,1:0,,0.984
38,1:0,1:0,,1
39,1:0,2:1,+,0.997
40,1:0,1:0,,1
41,1:0,1:0,,0.996
42,1:0,1:0,,1
43,1:0,1:0,,0.984
44,1:0,1:0,,0.984
45,1:0,1:0,,0.988
46,1:0,1:0,,1
47,1:0,1:0,,0.998
48,1:0,1:0,,0.984
49,1:0,1:0,,0.999
50,1:0,1:0,,0.892
51,1:0,1:0,,0.999
52,1:0,1:0,,0.984
53,1:0,1:0,,0.984
54,1:0,1:0,,0.984
55,1:0,2:1,+,1
56,1:0,1:0,,1
57,1:0,1:0,,0.984
58,1:0,1:0,,0.751
59,1:0,1:0,,1
60,1:0,1:0,,1
61,1:0,1:0,,0.984
62,1:0,1:0,,0.998
63,1:0,2:1,+,1
64,1:0,1:0,,0.999
65,1:0,1:0,,1
66,1:0,1:0,,0.982
67,1:0,1:0,,0.984
68,1:0,1:0,,0.844
69,1:0,1:0,,0.984
70,1:0,1:0,,0.999
71,1:0,1:0,,0.999
72,1:0,1:0,,0.984
73,1:0,1:0,,0.967
74,1:0,1:0,,0.997
75,1:0,1:0,,1
76,1:0,1:0,,0.998
77,1:0,1:0,,0.997
78,1:0,1:0,,1
79,1:0,1:0,,0.984
80,1:0,1:0,,0.984
81,1:0,1:0,,1
82,1:0,1:0,,1
83,1:0,1:0,,0.969
84,1:0,1:0,,1
85,1:0,1:0,,1
86,1:0,1:0,,0.991
87,1:0,1:0,,1
88,1:0,1:0,,1
89,1:0,1:0,,0.98
90,1:0,1:0,,1
91,2:1,2:1,,0.769
92,2:1,2:1,,1
93,2:1,2:1,,0.957
94,2:1,2:1,,1
95,2:1,2:1,,0.998
96,2:1,2:1,,1
97,2:1,2:1,,1
98,2:1,2:1,,1
99,2:1,2:1,,1
100,2:1,2:1,,1
101,2:1,1:0,+,1
102,2:1,2:1,,1
103,2:1,2:1,,1
104,2:1,2:1,,1
105,2:1,2:1,,1
106,2:1,1:0,+,0.552
107,2:1,1:0,+,0.997
108,2:1,2:1,,0.945
109,2:1,2:1,,1
110,2:1,2:1,,1
111,2:1,2:1,,0.994
112,2:1,2:1,,1
113,2:1,2:1,,0.99
114,2:1,2:1,,0.562
115,2:1,2:1,,0.827
116,2:1,2:1,,1
117,2:1,2:1,,1
118,2:1,2:1,,1
119,2:1,2:1,,1
120,2:1,2:1,,1
121,2:1,2:1,,0.952
122,2:1,2:1,,1
123,2:1,2:1,,1
124,2:1,2:1,,1
125,2:1,2:1,,1
126,2:1,2:1,,0.58
127,2:1,1:0,+,1
128,2:1,2:1,,1
129,2:1,2:1,,1
130,2:1,2:1,,1
131,2:1,2:1,,1
132,2:1,1:0,+,0.883
133,2:1,2:1,,1
134,2:1,2:1,,1
135,2:1,2:1,,1
136,2:1,2:1,,1
137,2:1,1:0,+,0.984
138,2:1,2:1,,1
139,2:1,2:1,,0.945
140,2:1,2:1,,1
141,2:1,2:1,,0.58
142,2:1,2:1,,0.999
143,2:1,2:1,,1
144,2:1,2:1,,1
145,2:1,1:0,+,0.984
146,2:1,2:1,,1
147,2:1,1:0,+,1
148,2:1,2:1,,0.997
149,2:1,2:1,,1
150,2:1,1:0,+,0.991
151,2:1,2:1,,0.987
152,2:1,2:1,,1
153,2:1,2:1,,0.577
154,2:1,2:1,,1
1,1:0,2:1,+,0.667
2,1:0,1:0,,0.997
3,1:0,1:0,,0.998
4,1:0,1:0,,0.998
5,1:0,1:0,,1
6,1:0,1:0,,0.999
7,1:0,2:1,+,1
8,1:0,1:0,,1
9,1:0,1:0,,0.998
10,1:0,1:0,,1
11,1:0,1:0,,0.999
12,1:0,1:0,,1
13,1:0,1:0,,1
14,1:0,1:0,,1
15,1:0,1:0,,0.902
16,1:0,1:0,,1
17,1:0,1:0,,0.999
18,1:0,2:1,+,0.996
19,1:0,1:0,,1
20,1:0,1:0,,1
21,1:0,1:0,,0.998
22,1:0,1:0,,0.998
23,1:0,1:0,,0.998
24,1:0,1:0,,0.728
25,1:0,1:0,,1
26,1:0,1:0,,1
27,1:0,1:0,,1
28,1:0,1:0,,0.998
29,1:0,1:0,,1
30,1:0,1:0,,1
31,1:0,1:0,,1
32,1:0,1:0,,0.934
33,1:0,1:0,,0.99
34,1:0,1:0,,0.998
35,1:0,1:0,,0.587
36,1:0,1:0,,0.998
37,1:0,1:0,,1
38,1:0,1:0,,1
39,1:0,1:0,,0.998
40,1:0,2:1,+,1
41,1:0,1:0,,1
42,1:0,1:0,,1
43,1:0,1:0,,1
44,1:0,1:0,,1
45,1:0,1:0,,0.998
46,1:0,1:0,,0.998
47,1:0,1:0,,0.665
48,1:0,1:0,,1
49,1:0,1:0,,0.998
50,1:0,1:0,,0.999
51,1:0,1:0,,0.998
52,1:0,1:0,,0.998
53,1:0,1:0,,0.998
54,1:0,1:0,,1
55,1:0,1:0,,1
56,1:0,1:0,,0.999
57,1:0,1:0,,0.999
58,1:0,1:0,,0.999
59,1:0,1:0,,1
60,1:0,1:0,,1
61,1:0,1:0,,0.991
62,1:0,1:0,,1
63,1:0,1:0,,0.999
64,1:0,1:0,,1
65,1:0,1:0,,1
66,1:0,1:0,,1
67,1:0,1:0,,1
68,1:0,1:0,,1
69,1:0,1:0,,0.998
70,1:0,1:0,,1
71,1:0,1:0,,0.999
72,1:0,1:0,,1
73,1:0,2:1,+,1
74,1:0,1:0,,1
75,1:0,1:0,,1
76,1:0,1:0,,0.938
77,1:0,1:0,,0.999
78,1:0,1:0,,1
79,1:0,1:0,,1
80,1:0,1:0,,0.999
81,1:0,1:0,,1
82,1:0,1:0,,0.999
83,1:0,2:1,+,1
84,1:0,1:0,,0.998
85,1:0,1:0,,1
86,1:0,1:0,,0.998
87,1:0,1:0,,0.969
88,1:0,1:0,,0.998
89,1:0,1:0,,1
90,1:0,1:0,,0.998
91,2:1,2:1,,1
92,2:1,1:0,+,0.966
93,2:1,2:1,,1
94,2:1,2:1,,0.919
95,2:1,2:1,,1
96,2:1,2:1,,1
97,2:1,2:1,,1
98,2:1,2:1,,0.999
99,2:1,1:0,+,0.817
100,2:1,1:0,+,0.817
101,2:1,2:1,,1
102,2:1,2:1,,1
103,2:1,2:1,,0.922
104,2:1,2:1,,1
105,2:1,1:0,+,0.817
106,2:1,2:1,,1
107,2:1,2:1,,1
108,2:1,1:0,+,0.997
109,2:1,2:1,,1
110,2:1,2:1,,0.661
111,2:1,1:0,+,0.813
112,2:1,2:1,,1
113,2:1,2:1,,1
114,2:1,2:1,,0.625
115,2:1,2:1,,1
116,2:1,2:1,,1
117,2:1,2:1,,1
118,2:1,1:0,+,0.985
119,2:1,2:1,,0.999
120,2:1,2:1,,1
121,2:1,2:1,,0.993
122,2:1,2:1,,1
123,2:1,2:1,,0.948
124,2:1,2:1,,0.625
125,2:1,2:1,,0.632
126,2:1,1:0,+,0.982
127,2:1,2:1,,0.518
128,2:1,2:1,,0.992
129,2:1,2:1,,1
130,2:1,2:1,,1
131,2:1,2:1,,0.625
132,2:1,1:0,+,0.689
133,2:1,1:0,+,0.962
134,2:1,1:0,+,0.998
135,2:1,2:1,,1
136,2:1,2:1,,1
137,2:1,2:1,,1
138,2:1,2:1,,0.822
139,2:1,1:0,+,0.957
140,2:1,2:1,,1
141,2:1,2:1,,1
142,2:1,2:1,,1
143,2:1,1:0,+,0.902
144,2:1,2:1,,1
145,2:1,2:1,,1
146,2:1,2:1,,1
147,2:1,1:0,+,0.817
148,2:1,2:1,,0.971
149,2:1,2:1,,1
150,2:1,2:1,,1
151,2:1,2:1,,1
152,2:1,2:1,,1
153,2:1,2:1,,1
154,2:1,1:0,+,0.623

